Region,Technology,Value,,Unit,Source,Updated at,Updated by
CZ,R_Coal_Hardcoal,31871,,PJ,BP Satistical Review of World Energy - 2018,05.08.2024,Jonathan Hanto <joh@wip.tu-berlin.de>
DE,R_Coal_Hardcoal,232,,PJ,BP Satistical Review of World Energy - 2018,05.08.2024,Jonathan Hanto <joh@wip.tu-berlin.de>
UK,R_Coal_Hardcoal,2030,,PJ,BP Satistical Review of World Energy - 2018,05.08.2024,Jonathan Hanto <joh@wip.tu-berlin.de>
ES,R_Coal_Hardcoal,25172,,PJ,BP Satistical Review of World Energy - 2018,05.08.2024,Jonathan Hanto <joh@wip.tu-berlin.de>
PL,R_Coal_Hardcoal,574432,,PJ,BP Satistical Review of World Energy - 2018,05.08.2024,Jonathan Hanto <joh@wip.tu-berlin.de>
HU,R_Coal_Hardcoal,8004,,PJ,BP Satistical Review of World Energy - 2018,05.08.2024,Jonathan Hanto <joh@wip.tu-berlin.de>
RO,R_Coal_Hardcoal,319,,PJ,BP Satistical Review of World Energy - 2018,05.08.2024,Jonathan Hanto <joh@wip.tu-berlin.de>
BG,R_Coal_Hardcoal,5568,,PJ,BP Satistical Review of World Energy - 2018,05.08.2024,Jonathan Hanto <joh@wip.tu-berlin.de>
TR,R_Coal_Hardcoal,10962,,PJ,BP Satistical Review of World Energy - 2018,05.08.2024,Jonathan Hanto <joh@wip.tu-berlin.de>
CZ,R_Coal_Lignite,38115,,PJ,BP Satistical Review of World Energy - 2018,05.08.2024,Jonathan Hanto <joh@wip.tu-berlin.de>
DE,R_Coal_Lignite,541500,,PJ,BP Satistical Review of World Energy - 2018,05.08.2024,Jonathan Hanto <joh@wip.tu-berlin.de>
ES,R_Coal_Lignite,4785,,PJ,BP Satistical Review of World Energy - 2018,05.08.2024,Jonathan Hanto <joh@wip.tu-berlin.de>
PL,R_Coal_Lignite,90045,,PJ,BP Satistical Review of World Energy - 2018,05.08.2024,Jonathan Hanto <joh@wip.tu-berlin.de>
HU,R_Coal_Lignite,39495,,PJ,BP Satistical Review of World Energy - 2018,05.08.2024,Jonathan Hanto <joh@wip.tu-berlin.de>
RO,R_Coal_Lignite,4200,,PJ,BP Satistical Review of World Energy - 2018,05.08.2024,Jonathan Hanto <joh@wip.tu-berlin.de>
BG,R_Coal_Lignite,32610,,PJ,BP Satistical Review of World Energy - 2018,05.08.2024,Jonathan Hanto <joh@wip.tu-berlin.de>
GR,R_Coal_Lignite,43140,,PJ,BP Satistical Review of World Energy - 2018,05.08.2024,Jonathan Hanto <joh@wip.tu-berlin.de>
SI,R_Coal_Lignite,1440,,PJ,Global Energy Monitor Wiki,07.02.2025,Konstantin Loffler <kl@wip.tu-berlin.de>
SK,R_Coal_Lignite,51,,PJ,Global Energy Monitor Wiki,07.02.2025,Konstantin Loffler <kl@wip.tu-berlin.de>
TR,R_Coal_Lignite,164625,,PJ,BP Satistical Review of World Energy - 2018,05.08.2024,Jonathan Hanto <joh@wip.tu-berlin.de>
NONEU_Balkan,R_Coal_Lignite,186630,,PJ,BP Satistical Review of World Energy - 2018,05.08.2024,Jonathan Hanto <joh@wip.tu-berlin.de>
DK,R_Oil,2294.3664,,PJ,BP Satistical Review of World Energy - 2018,05.08.2024,Jonathan Hanto <joh@wip.tu-berlin.de>
UK,R_Oil,13192.6068,,PJ,BP Satistical Review of World Energy - 2018,05.08.2024,Jonathan Hanto <joh@wip.tu-berlin.de>
IT,R_Oil,3441.5496,,PJ,BP Satistical Review of World Energy - 2018,05.08.2024,Jonathan Hanto <joh@wip.tu-berlin.de>
NO,R_Oil,45313.7364,,PJ,BP Satistical Review of World Energy - 2018,05.08.2024,Jonathan Hanto <joh@wip.tu-berlin.de>
RO,R_Oil,3441.5496,,PJ,BP Satistical Review of World Energy - 2018,05.08.2024,Jonathan Hanto <joh@wip.tu-berlin.de>
UK,R_Gas,7536.24,,PJ,BP Satistical Review of World Energy - 2018,05.08.2024,Jonathan Hanto <joh@wip.tu-berlin.de>
NL,R_Gas,26376.84,,PJ,BP Satistical Review of World Energy - 2018,05.08.2024,Jonathan Hanto <joh@wip.tu-berlin.de>
PL,R_Gas,3768.12,,PJ,BP Satistical Review of World Energy - 2018,05.08.2024,Jonathan Hanto <joh@wip.tu-berlin.de>
NO,R_Gas,64058.04,,PJ,BP Satistical Review of World Energy - 2018,05.08.2024,Jonathan Hanto <joh@wip.tu-berlin.de>
RO,R_Gas,3768.12,,PJ,BP Satistical Review of World Energy - 2018,05.08.2024,Jonathan Hanto <joh@wip.tu-berlin.de>
DE_BB,R_Coal_Lignite,20363,,PJ,,,
DE_NI,R_Coal_Lignite,3620,,PJ,,,
DE_NRW,R_Coal_Lignite,465000,,PJ,,,
DE_SN,R_Coal_Lignite,27600,,PJ,,,
DE_ST,R_Coal_Lignite,30000,,PJ,,,
Africa,R_Oil,683977,,PJ, World Population Review - Oil Reserves by Country 2026 + BP Statistical Review of World Energy 2016,14.07.2026,Julian Bornemann <jb@wip.tu-berlin.de>
Asia-Rest,R_Oil,64849,,PJ, World Population Review - Oil Reserves by Country 2026 + BP Statistical Review of World Energy 2016,14.07.2026,Julian Bornemann <jb@wip.tu-berlin.de>
China,R_Oil,172524,,PJ, World Population Review - Oil Reserves by Country 2026 + BP Statistical Review of World Energy 2016,14.07.2026,Julian Bornemann <jb@wip.tu-berlin.de>
Europe,R_Oil,57251,,PJ, World Population Review - Oil Reserves by Country 2026 + BP Statistical Review of World Energy 2016,14.07.2026,Julian Bornemann <jb@wip.tu-berlin.de>
FSU,R_Oil,723094,,PJ, World Population Review - Oil Reserves by Country 2026 + BP Statistical Review of World Energy 2016,14.07.2026,Julian Bornemann <jb@wip.tu-berlin.de>
India,R_Oil,30589,,PJ, World Population Review - Oil Reserves by Country 2026 + BP Statistical Review of World Energy 2016,14.07.2026,Julian Bornemann <jb@wip.tu-berlin.de>
Japan + Republic of Korea,R_Oil,0,,PJ, World Population Review - Oil Reserves by Country 2026 + BP Statistical Review of World Energy 2016,14.07.2026,Julian Bornemann <jb@wip.tu-berlin.de>
Central & South America,R_Oil,2065695,,PJ, World Population Review - Oil Reserves by Country 2026 + BP Statistical Review of World Energy 2016,14.07.2026,Julian Bornemann <jb@wip.tu-berlin.de>
Middle East,R_Oil,5295008,,PJ, World Population Review - Oil Reserves by Country 2026 + BP Statistical Review of World Energy 2016,14.07.2026,Julian Bornemann <jb@wip.tu-berlin.de>
North America,R_Oil,1328799,,PJ, World Population Review - Oil Reserves by Country 2026 + BP Statistical Review of World Energy 2016,14.07.2026,Julian Bornemann <jb@wip.tu-berlin.de>
Oceania,R_Oil,11012,,PJ, World Population Review - Oil Reserves by Country 2026 + BP Statistical Review of World Energy 2016,14.07.2026,Julian Bornemann <jb@wip.tu-berlin.de>
Africa,R_Gas,664619,,PJ,Natural Gas Reserves by Country - Worldometer,14.07.2026,Julian Bornemann <jb@wip.tu-berlin.de>
Asia-Rest,R_Gas,225995,,PJ,Natural Gas Reserves by Country - Worldometer,14.07.2026,Julian Bornemann <jb@wip.tu-berlin.de>
China,R_Gas,194572,,PJ,Natural Gas Reserves by Country - Worldometer,14.07.2026,Julian Bornemann <jb@wip.tu-berlin.de>
Europe,R_Gas,162781,,PJ,Natural Gas Reserves by Country - Worldometer,14.07.2026,Julian Bornemann <jb@wip.tu-berlin.de>
FSU,R_Gas,2256265,,PJ,Natural Gas Reserves by Country - Worldometer,14.07.2026,Julian Bornemann <jb@wip.tu-berlin.de>
India,R_Gas,45730,,PJ,Natural Gas Reserves by Country - Worldometer,14.07.2026,Julian Bornemann <jb@wip.tu-berlin.de>
Japan + Republic of Korea,R_Gas,1042,,PJ,Natural Gas Reserves by Country - Worldometer,14.07.2026,Julian Bornemann <jb@wip.tu-berlin.de>
Central & South America,R_Gas,277424,,PJ,Natural Gas Reserves by Country - Worldometer,14.07.2026,Julian Bornemann <jb@wip.tu-berlin.de>
Middle East,R_Gas,2958685,,PJ,Natural Gas Reserves by Country - Worldometer,14.07.2026,Julian Bornemann <jb@wip.tu-berlin.de>
North America,R_Gas,434011,,PJ,Natural Gas Reserves by Country - Worldometer,14.07.2026,Julian Bornemann <jb@wip.tu-berlin.de>
Oceania,R_Gas,80704,,PJ,Natural Gas Reserves by Country - Worldometer,14.07.2026,Julian Bornemann <jb@wip.tu-berlin.de>
Africa,R_Coal_Hardcoal,369275,,PJ,Coal - Statistical Review of World Energy 2021,14.07.2026,Julian Bornemann <jb@wip.tu-berlin.de>
Asia-Rest,R_Coal_Hardcoal,691950,,PJ,Coal - Statistical Review of World Energy 2021,14.07.2026,Julian Bornemann <jb@wip.tu-berlin.de>
China,R_Coal_Hardcoal,3405975,,PJ,Coal - Statistical Review of World Energy 2021,14.07.2026,Julian Bornemann <jb@wip.tu-berlin.de>
Europe,R_Coal_Hardcoal,1477100,,PJ,Coal - Statistical Review of World Energy 2021,14.07.2026,Julian Bornemann <jb@wip.tu-berlin.de>
FSU,R_Coal_Hardcoal,2505200,,PJ,Coal - Statistical Review of World Energy 2021,14.07.2026,Julian Bornemann <jb@wip.tu-berlin.de>
India,R_Coal_Hardcoal,2649475,,PJ,Coal - Statistical Review of World Energy 2021,14.07.2026,Julian Bornemann <jb@wip.tu-berlin.de>
Japan + Republic of Korea,R_Coal_Hardcoal,16650,,PJ,Coal - Statistical Review of World Energy 2021,14.07.2026,Julian Bornemann <jb@wip.tu-berlin.de>
Central & South America,R_Coal_Hardcoal,215400,,PJ,Coal - Statistical Review of World Energy 2021,14.07.2026,Julian Bornemann <jb@wip.tu-berlin.de>
Middle East,R_Coal_Hardcoal,35250,,PJ,Coal - Statistical Review of World Energy 2021,14.07.2026,Julian Bornemann <jb@wip.tu-berlin.de>
North America,R_Coal_Hardcoal,5611100,,PJ,Coal - Statistical Review of World Energy 2021,14.07.2026,Julian Bornemann <jb@wip.tu-berlin.de>
Oceania,R_Coal_Hardcoal,1863600,,PJ,Coal - Statistical Review of World Energy 2021,14.07.2026,Julian Bornemann <jb@wip.tu-berlin.de>
Africa,R_Coal_Lignite,695,,PJ,Coal - Statistical Review of World Energy 2021,14.07.2026,Julian Bornemann <jb@wip.tu-berlin.de>
Asia-Rest,R_Coal_Lignite,144853,,PJ,Coal - Statistical Review of World Energy 2021,14.07.2026,Julian Bornemann <jb@wip.tu-berlin.de>
China,R_Coal_Lignite,99768,,PJ,Coal - Statistical Review of World Energy 2021,14.07.2026,Julian Bornemann <jb@wip.tu-berlin.de>
Europe,R_Coal_Lignite,822695,,PJ,Coal - Statistical Review of World Energy 2021,14.07.2026,Julian Bornemann <jb@wip.tu-berlin.de>
FSU,R_Coal_Lignite,952074,,PJ,Coal - Statistical Review of World Energy 2021,14.07.2026,Julian Bornemann <jb@wip.tu-berlin.de>
India,R_Coal_Lignite,53400,,PJ,Coal - Statistical Review of World Energy 2021,14.07.2026,Julian Bornemann <jb@wip.tu-berlin.de>
Japan + Republic of Korea,R_Coal_Lignite,105,,PJ,Coal - Statistical Review of World Energy 2021,14.07.2026,Julian Bornemann <jb@wip.tu-berlin.de>
Central & South America,R_Coal_Lignite,53400,,PJ,Coal - Statistical Review of World Energy 2021,14.07.2026,Julian Bornemann <jb@wip.tu-berlin.de>
Middle East,R_Coal_Lignite,30074,,PJ,Coal - Statistical Review of World Energy 2021,14.07.2026,Julian Bornemann <jb@wip.tu-berlin.de>
North America,R_Coal_Lignite,339895,,PJ,Coal - Statistical Review of World Energy 2021,14.07.2026,Julian Bornemann <jb@wip.tu-berlin.de>
Oceania,R_Coal_Lignite,876400,,PJ,Coal - Statistical Review of World Energy 2021,14.07.2026,Julian Bornemann <jb@wip.tu-berlin.de>
